performer,model_name,authors,weighted_average,valid_responses,total_weight,rank
MidnightOpal,DirectorMusices,"Anders Friberg, Gabriel Jones",4.33,24,118,1
CrystalEcho,VirtuosoNet,"Dasaem Jeong, Taegyun Kwon, Yoojin Kim, Kyogu Lee, Juhan Nam",3.54,24,118,2
FrozenRiver,Midihum,Erich Grunewald,3.32,24,118,3
VelvetStorm,ElegantAIPianist,"Leduo Chen, Xinrui Su, Yuqiang Li, Honyu Andy Shing, Junchuan Zhao, Zihan Chai, Kunyang Zhang, Shengchen Li",3.19,24,118,4
SilverWave,Contin-U,"Jongmin Jung, Dongmin Kim, Sihun Lee, Seola Cho, Hyungjoon Soh, Irmak Bukey, Chris Donahue, Dasaem Jeong",3.0,24,118,5
EmberSky,YQX+,"Jinwen Zhou, Yuncong Xie, Haochen Wang, Huan Zhang, Aidan Hogg, Simon Dixon",2.83,24,118,6
CrimsonDawn,ScorePerLockNAR,Weixi Zhai,2.53,24,118,7
AzureThunder,RenConnoisseur,Silvan Peter,2.53,24,118,8
GoldenMist,CueFreeExpressPedal,"Kyle Worrall, Tom Collins",2.31,24,118,9
