index,name,authors,is_human,average_score,valid_responses,total_score,rank
5,YQX+,"Jinwen Zhou, Yuncong Xie, Haochen Wang, Huan Zhang, Aidan Hogg, Simon Dixon",False,5.0,1,5,1.0
1,DirectorMusices,"Anders Friberg, Gabriel Jones",False,2.0,1,2,2.0
2,Midihum,Erich Grunewald,False,2.0,1,2,3.0
3,RenConnoisseur,Silvan Peter,False,2.0,1,2,4.0
4,Contin-U,"Jongmin Jung, Dongmin Kim, Sihun Lee, Seola Cho, Hyungjoon Soh, Irmak Bukey, Chris Donahue, Dasaem Jeong",False,2.0,1,2,5.0
6,ScorePerLockNAR,Weixi Zhai,False,2.0,1,2,6.0
8,VirtuosoNet,"Dasaem Jeong, Taegyun Kwon, Yoojin Kim, Kyogu Lee, Juhan Nam",False,2.0,1,2,7.0
9,ElegantAIPianist,"Leduo Chen, Xinrui Su, Yuqiang Li, Honyu Andy Shing, Junchuan Zhao, Zihan Chai, Kunyang Zhang, Shengchen Li",False,2.0,1,2,8.0
7,Human,Human Performance,True,2.0,1,2,
