onset_beat,beat_period,tempo_bpm,timing
0.0,0.6234375238418579,96.24059782327072,-0.002604166977107525
1.0,0.6187499761581421,96.96970070616214,0.0
1.5,0.6104166507720947,98.29351791781579,0.0
2.0,0.6203125715255737,96.72542965305092,0.0
3.0,0.6343751549720764,94.5812576828313,0.0005207955837249756
3.5,0.6291666030883789,95.36424804730427,0.0
4.0,0.6041665077209473,99.31037095441383,0.0
5.0,0.5994793176651001,100.08685576291904,0.0
6.0,0.6128472685813904,97.9036753135689,-0.0015624761581420898
7.5,0.5874996185302734,102.12772588703943,0.0
8.0,0.5958337783813477,100.69922548365257,0.0
8.5,0.5968747138977051,100.52360839377602,0.0
9.0,0.6072916984558105,98.79930872192861,-0.001562356948852539
9.5,0.5854167938232422,102.49108094107068,-0.0072917938232421875
10.0,0.5684895515441895,105.54283686836789,-0.0072917938232421875
12.0,0.6031246185302734,99.48192820616613,-0.009895801544189453
12.5,0.5916671752929688,101.40836352851672,0.0
13.0,0.5833339691162109,102.85703075187601,-0.011458396911621094
13.5,0.5729160308837891,104.72738894640996,0.0
14.0,0.5703125,105.20547945205479,0.0
15.0,0.5906248092651367,101.5873343936446,-0.004687309265136719
15.5,0.5770835876464844,103.97107331486855,-0.008333683013916016
16.0,0.5625,106.66666666666667,-0.002083301544189453
17.0,0.5567708015441895,107.7642718217111,-0.013541698455810547
18.0,0.578125,103.78378378378379,-0.011979103088378906
18.5,0.5770835876464844,103.97107331486855,0.0
19.0,0.5708332061767578,105.10951246487414,0.0
19.5,0.5645828247070312,106.27315847083148,0.0
20.0,0.5812511444091797,103.22560321319932,0.0
20.5,0.6020822525024414,99.65415813308117,0.0
21.0,0.6166667938232422,97.29727723461312,-0.008333683013916016
21.5,0.6156244277954102,97.46201952197345,-0.007291316986083984
22.0,0.6075520515441895,98.75697044804726,-0.0005207061767578125
24.0,0.6229171752929688,96.3209915857288,0.0
24.5,0.616668701171875,97.2969762953432,0.0
24.75,0.6083316802978516,98.6304049965354,0.0
25.0,0.6125011444091797,97.95900064460479,-0.014583110809326172
25.25,0.6083335876464844,98.63009575408695,0.0
25.5,0.6083335876464844,98.63009575408695,0.0
25.75,0.6062488555908203,98.96925898775834,0.0
26.0,0.6083316802978516,98.6304049965354,-0.0026040077209472656
26.25,0.6145833134651184,97.62712180015181,-0.015104293823242188
26.5,0.6208330988883972,96.64433179775709,-0.010416666977107525
26.75,0.6270828247070312,95.68114072974585,0.0
27.0,0.6229171752929688,96.3209915857288,-0.006771087646484375
27.25,0.625,96.0,0.0
27.5,0.6208343505859375,96.64413694791948,-0.00208282470703125
27.75,0.616668701171875,97.2969762953432,0.0
28.0,0.5999984741210938,100.0002543137978,-0.0072917938232421875
28.25,0.5916671752929688,101.40836352851672,0.0
28.5,0.5916671752929688,101.40836352851672,0.0
28.75,0.5916671752929688,101.40836352851672,0.0
29.0,0.5958328247070312,100.699386660179,0.0
29.25,0.602081298828125,99.65431598155,0.0
29.5,0.6062545776367188,98.96832488076211,-0.0015621185302734375
29.75,0.6291618347167969,95.36497080597341,0.0
30.0,0.5874977111816406,102.12805745118791,0.0031251907348632812
30.25,0.60833740234375,98.62947727500753,0.0
30.5,0.5999984741210938,100.0002543137978,-0.009374618530273438
30.75,0.5958328247070312,100.699386660179,0.0
31.0,0.5875015258789062,102.12739432504382,0.0
31.25,0.5854148864746094,102.49141486873057,0.0
31.5,0.5854148864746094,102.49141486873057,-0.004687309265136719
31.75,0.585418701171875,102.49074701558672,0.0
32.0,0.5895843505859375,101.7666088666891,-0.00572967529296875
32.25,0.5979194641113281,100.34796256244378,0.0
32.5,0.6062507629394531,98.96894761680038,-0.010937690734863281
32.75,0.6062469482421875,98.96957036067555,0.0
33.0,0.602081298828125,99.65431598155,-0.00989532470703125
33.25,0.6020851135253906,99.65368459067496,0.0
33.5,0.5937538146972656,101.05198234489139,-0.004687309265136719
33.75,0.587493896484375,102.12872058594358,0.0
34.0,0.5791702270507812,103.59648545044986,0.0
34.25,0.5749969482421875,104.34837990605844,0.0
34.5,0.5708351135253906,105.10916125928054,-0.009374618530273438
34.75,0.5770835876464844,103.97107331486855,-0.009375572204589844
35.0,0.5812492370605469,103.22594194433324,-0.0078125
35.25,0.5875015258789062,102.12739432504382,-0.0020837783813476562
35.5,0.5979156494140625,100.34860278167666,-0.0010423660278320312
35.75,0.5923627018928528,101.28929422509938,-0.0015630722045898438
36.0,0.5972239375114441,100.46482773281383,-0.0024305980186909437
36.25,0.5937461853027344,101.05328082134574,0.0
36.5,0.5868059992790222,102.24844339307856,-0.006770133972167969
36.75,0.5715306401252747,104.98124822642669,-0.0017369588604196906
37.0,0.5645828247070312,106.27315847083148,-0.015104293823242188
37.25,0.5583305358886719,107.46322499538817,0.0
37.5,0.5583305358886719,107.46322499538817,-0.011458396911621094
37.75,0.554168701171875,108.2702792003965,0.0
38.0,0.5583343505859375,107.46249077642044,-0.01354217529296875
38.25,0.5625,106.66666666666667,0.0
38.5,0.5645828247070312,106.27315847083148,0.0
38.75,0.5701370239257812,105.23785946553546,-0.0026035308837890625
39.0,0.5736160278320312,104.59958768371351,0.000347137451171875
39.25,0.570831298828125,105.10986367281475,0.0
39.5,0.5666656494140625,105.88254301639874,0.0
39.75,0.54583740234375,109.92284468299228,0.0
40.0,0.5416641235351562,110.76975083454231,-0.001041412353515625
40.25,0.5354156494140625,112.06246971985523,0.0
40.5,0.539581298828125,111.19733046773372,-0.006771087646484375
40.75,0.5375022888183594,111.62743163736755,0.0
41.0,0.5416679382324219,110.76897073840628,-0.011458396911621094
41.25,0.5499954223632812,109.09181705946816,0.0
41.5,0.5604209899902344,107.06237109542512,0.0
41.75,0.565972626209259,106.01219426788317,-0.006770133972167969
42.0,0.5819422602653503,103.10301226902061,-0.00590197229757905
42.25,0.585418701171875,102.49074701558672,0.0
42.5,0.5687484741210938,105.49478852267697,-0.013021469116210938
42.75,0.56805419921875,105.62372407865048,-0.0062503814697265625
43.0,0.5694427490234375,105.36616736782872,-0.00069427490234375
43.25,0.5666732788085938,105.8811174688657,0.0
43.5,0.5625,106.66666666666667,0.0
43.75,0.570831298828125,105.10986367281475,0.0
44.0,0.57916259765625,103.59785014226999,-0.014583587646484375
44.25,0.5895843505859375,101.7666088666891,0.0
44.5,0.5979194641113281,100.34796256244378,-0.0005207061767578125
44.75,0.6124992370605469,97.95930569309243,-0.013541221618652344
45.0,0.6208343505859375,96.64413694791948,-0.0072917938232421875
45.25,0.6208343505859375,96.64413694791948,0.0
45.5,0.6187477111816406,96.97005567166664,0.0
45.75,0.5979156494140625,100.34860278167666,-0.004687309265136719
46.0,0.5916709899902344,101.40770971547938,-0.0031251907348632812
46.25,0.5958328247070312,100.699386660179,0.0
46.5,0.5916671752929688,101.40836352851672,0.0
46.75,0.5916671752929688,101.40836352851672,0.0
47.0,0.5958328247070312,100.699386660179,0.0
47.25,0.5999984741210938,100.0002543137978,0.0
47.5,0.6041641235351562,99.31076285847782,0.0
47.75,0.60833740234375,98.62947727500753,0.0
48.0,0.6083297729492188,98.63071424092306,0.0
48.25,0.5999984741210938,100.0002543137978,0.0
48.5,0.5958328247070312,100.699386660179,-0.009374618530273438
48.75,0.5895843505859375,101.7666088666891,0.0
49.0,0.585418701171875,102.49074701558672,-0.0005207061767578125
49.25,0.5729141235351562,104.72773760536934,0.0
49.5,0.5687484741210938,105.49478852267697,-0.0078125
49.75,0.5729217529296875,104.72634298346073,0.0
50.0,0.5687484741210938,105.49478852267697,-0.008853912353515625
50.25,0.5645828247070312,106.27315847083148,0.0
50.5,0.5645828247070312,106.27315847083148,-0.010936737060546875
50.75,0.5625,106.66666666666667,0.0
51.0,0.554168701171875,108.2702792003965,-0.010416030883789062
51.25,0.5666656494140625,105.88254301639874,0.0
51.5,0.5500030517578125,109.090303786933,0.0
51.75,0.5333328247070312,112.50010728846291,0.0
52.0,0.524993896484375,114.28704295762367,0.0
52.25,0.5354232788085938,112.06087291069979,0.0
52.5,0.5229110717773438,114.74226352879383,-0.0078125
52.75,0.5145835876464844,116.59913265873458,0.0
53.0,0.5145835876464844,116.59913265873458,-0.0036458969116210938
53.25,0.5374984741210938,111.62822387191098,0.0
53.5,0.5333366394042969,112.49930262997904,0.0
53.75,0.5270843505859375,113.83377239961787,-0.013541221618652344
54.0,0.5270805358886719,113.83459626115466,-0.014061927795410156
54.25,0.5374984741210938,111.62822387191098,0.0
54.5,0.5291671752929688,113.38571778716533,0.0
54.75,0.51666259765625,116.12994683992912,0.0
55.0,0.51251220703125,117.0703822793855,0.0
55.25,0.5270843505859375,113.83377239961787,0.0
55.5,0.5229034423828125,114.74393766961394,-0.008853912353515625
55.75,0.5187530517578125,115.66197017383887,0.0
56.0,0.5270843505859375,113.83377239961787,-0.008853912353515625
56.25,0.554168701171875,108.2702792003965,0.0
56.5,0.5645828247070312,106.27315847083148,0.0
56.75,0.5625,106.66666666666667,-0.013021469116210938
57.0,0.5729141235351562,104.72773760536934,-0.0005207061767578125
57.25,0.5875091552734375,102.12606809858973,0.0
57.5,0.5916595458984375,101.40967117988394,0.0
57.75,0.57916259765625,103.59785014226999,0.0
58.0,0.583343505859375,102.85534920219723,0.0
58.25,0.5979080200195312,100.34988324465031,0.0
58.5,0.5979232788085938,100.34732235137997,-0.0026035308837890625
58.75,0.5895843505859375,101.7666088666891,0.0
59.0,0.59375,101.05263157894737,-0.006771087646484375
59.25,0.6208267211914062,96.64532461627321,0.0
59.5,0.6166763305664062,97.29577255687934,-0.011457443237304688
59.75,0.6051979064941406,99.14112285611633,0.0
60.0,0.5971358418464661,100.47964934489234,-0.0018224716186523438
63.0,0.6208343505859375,96.64413694791948,-0.012500762939453125
63.25,0.6374969482421875,94.11809760884655,0.0
63.5,0.64166259765625,93.50708646437744,0.0
63.75,0.6500091552734375,92.30639216883026,0.0
64.0,0.666656494140625,90.00137331197071,-0.014583587646484375
64.25,0.6666717529296875,89.99931335973083,0.0
64.5,0.6750030517578125,88.8884870131338,0.0
64.75,0.6833267211914062,87.80572768380506,0.0
65.0,0.6916732788085938,86.74615868253565,-0.0072917938232421875
65.25,0.6999969482421875,85.71465940054496,0.0
65.5,0.7125015258789062,84.2103459722237,0.0
65.75,0.7138850092887878,84.04714935781514,-0.0010433197021484375
66.0,0.7180633544921875,83.55808665717504,-0.0038197834510356188
66.25,0.7222188115119934,83.07731541136079,-0.0045140585862100124
66.5,0.70416259765625,85.20759296177516,-0.00208282470703125
66.75,0.6930592656135559,86.57268285257368,0.0
67.0,0.6874949336051941,87.27337041650992,0.00034840902662836015
67.25,0.6833445429801941,87.8034376894688,-0.00069427490234375
67.5,0.6652730107307434,90.18853768634823,-0.0048611960373818874
67.75,0.6638895869255066,90.37647401258675,0.0
68.0,0.6652730107307434,90.18853768634823,-0.0059026083908975124
68.25,0.67083740234375,89.44045127831862,0.0
68.5,0.6541595458984375,91.72074362622752,0.0
68.75,0.6583404541015625,91.13825472244756,0.0
69.0,0.6624908447265625,90.56728931063869,-0.001041412353515625
69.25,0.6583404541015625,91.13825472244756,0.0
69.5,0.64166259765625,93.50708646437744,0.0
69.75,0.6277821660041809,95.574553163717,0.0
70.0,0.6180521845817566,97.0791811707659,-0.00034586587571538985
70.25,0.6041717529296875,99.30950877636066,0.0
70.5,0.5958251953125,100.70067609096496,0.0
70.75,0.5875091552734375,102.12606809858973,0.0
71.0,0.587493896484375,102.12872058594358,0.0
71.25,0.5875091552734375,102.12606809858973,0.0
71.5,0.5833282470703125,102.85803970807503,0.0
71.75,0.584716796875,102.61377870563675,0.0
72.0,0.565277099609375,106.14263348269719,-0.00069427490234375
72.25,0.5625,106.66666666666667,0.0
72.5,0.5500030517578125,109.090303786933,0.0
72.75,0.543060302734375,110.48496768755268,0.0
73.0,0.5402679443359375,111.05600587454458,-0.00069427490234375
73.25,0.537506103515625,111.62663941406916,0.0
73.5,0.5333404541015625,112.49849798300575,0.0
73.75,0.536102294921875,111.9189389195651,0.0
74.0,0.543060302734375,110.48496768755268,-0.0013885498046875
74.25,0.5500030517578125,109.090303786933,0.0
74.5,0.5583343505859375,107.46249077642044,0.0
74.75,0.5666605830192566,105.88348969026674,0.0
75.0,0.5722249150276184,104.8538755029639,-0.0010426839580759406
75.25,0.5763804316520691,104.09791294965211,-0.011112213134765625
75.5,0.5722249150276184,104.8538755029639,-0.0065968832932412624
75.75,0.5666707158088684,105.88159635945846,0.0
76.0,0.5763905644416809,104.09608293660884,-0.0031229655724018812
76.25,0.57916259765625,103.59785014226999,-0.0006955464486964047
76.5,0.5777791142463684,103.84591363822759,-0.0038197834510356188
76.75,0.5805562138557434,103.34916510756493,0.0
77.0,0.5833333134651184,102.85714636043639,-0.0079867048189044
77.25,0.5972188115119934,100.46569003427159,-0.0048611960373818874
77.5,0.59722900390625,100.46397547266224,-0.000347137451171875
77.75,0.6020851135253906,99.65368459067496,0.0
78.0,0.6078100204467773,98.71505566146531,-0.004687309265136719
79.0,0.58416748046875,102.71027060913175,0.0
80.25,0.5958404541015625,100.6980972624139,0.0
80.5,0.5999908447265625,100.00152590218967,0.0
80.75,0.600006103515625,99.99898275774376,0.0
81.0,0.604156494140625,99.31201697226852,0.0
81.25,0.6013946533203125,99.76809682084591,0.0
81.5,0.581939697265625,103.103466359012,-0.00485992431640625
81.75,0.5763956904411316,104.09515718981233,0.0
82.0,0.5569356083869934,107.73238251684614,-0.0048611960373818874
82.25,0.5638987421989441,106.40208163264874,0.0
82.5,0.5444386601448059,110.20525247792217,-0.0038197834510356188
82.75,0.5649994015693665,106.19480274375768,0.0
83.0,0.5670860409736633,105.80405029364235,-0.0035408020485192537
84.0,0.48748779296875,123.08000500813823,0.0
84.25,0.5416717529296875,110.76819065325783,0.0
84.5,0.54583740234375,109.92284468299228,0.0
84.75,0.554168701171875,108.2702792003965,0.0
85.0,0.5625,106.66666666666667,0.0
85.25,0.5736033320426941,104.60190282774388,0.0
85.5,0.5597279667854309,107.19492960944136,-0.0024312336463481188
85.75,0.56805419921875,105.62372407865048,0.0
86.0,0.55694580078125,107.73041095890412,-0.001735687255859375
86.25,0.576385498046875,104.09699793508763,0.0
86.5,0.5694427490234375,105.36616736782872,-0.001735687255859375
86.75,0.585003674030304,102.56345842520626,0.0
87.0,0.6071661114692688,98.81974449266814,-0.0006225585821084678
88.25,0.6291656494140625,95.36439259816167,0.0
88.5,0.625,96.0,0.0
88.75,0.625,96.0,0.0
89.0,0.6291656494140625,95.36439259816167,0.0
89.25,0.6236114501953125,96.2137561476914,0.0
89.5,0.605560302734375,99.0817920677317,-0.00555419921875
89.75,0.5958251953125,100.70067609096496,0.0
90.0,0.570831298828125,105.10986367281475,-0.001041412353515625
90.25,0.5791778564453125,103.59512079458334,0.0
90.5,0.5583343505859375,107.46249077642044,0.0
90.75,0.5583343505859375,107.46249077642044,0.0
91.0,0.5749969482421875,104.34837990605844,0.0
91.25,0.576385498046875,104.09699793508763,0.0
91.5,0.5527801513671875,108.54224749496233,-0.002777099609375
91.75,0.5541636347770691,108.27126905239282,0.0
92.0,0.5333302617073059,112.50064792484675,-0.0020840961951762438
92.25,0.54583740234375,109.92284468299228,0.0
92.5,0.5333328247070312,112.50010728846291,-0.00208282470703125
93.0,0.570831298828125,105.10986367281475,0.0
93.25,0.5763956904411316,104.09515718981233,0.0
93.5,0.5611012578010559,106.93257084316429,-0.007985432632267475
93.75,0.5680643916130066,105.62182894377747,0.0
94.0,0.5652821660041809,106.14168216931901,-0.0069440207444131374
94.25,0.5791575312614441,103.59875640279763,0.0
94.5,0.5750020146369934,104.34746048303643,-0.0072911581955850124
94.75,0.5958404541015625,100.6980972624139,0.0
95.0,0.625,96.0,0.0
95.25,0.6291656494140625,95.36439259816167,0.0
95.5,0.6166534423828125,97.29938386162868,0.0
95.75,0.6208343505859375,96.64413694791948,0.0
96.0,0.60833740234375,98.62947727500753,0.0
96.25,0.6208343505859375,96.64413694791948,0.0
96.5,0.60833740234375,98.62947727500753,0.0
96.75,0.6291656494140625,95.36439259816167,0.0
97.0,0.5999984741210938,100.0002543137978,-0.0114593505859375
97.25,0.5958328247070312,100.699386660179,-0.0062503814697265625
97.5,0.5895843505859375,101.7666088666891,-0.0114593505859375
97.75,0.5770797729492188,103.97176059969064,-0.0078125
98.0,0.5708389282226562,105.10845885513426,-0.010416030883789062
98.25,0.5624923706054688,106.66811344554912,-0.012500762939453125
98.5,0.5645904541015625,106.27172238588146,-0.0052089691162109375
98.75,0.5770797729492188,103.97176059969064,-0.0026035308837890625
99.0,0.5749969482421875,104.34837990605844,-0.001041412353515625
99.25,0.5611114501953125,106.93062845022163,0.0
99.5,0.5472259521484375,109.64392270585283,-0.000347137451171875
99.75,0.5374984741210938,111.62822387191098,0.0
100.0,0.5250015258789062,114.28538212256404,-0.009374618530273438
100.25,0.5180562138557434,115.8175471990525,0.0
100.5,0.5111033320426941,117.39309106086597,-0.0079867048189044
100.75,0.5055643916130066,118.67924441547316,0.0
101.0,0.5069478154182434,118.35537736857322,-0.007985432632267475
101.25,0.508331298828125,118.03325929038843,0.0
101.5,0.508331298828125,118.03325929038843,0.0
101.75,0.5125020146369934,117.072710518998,0.0
102.0,0.4874979555606842,123.07743922944748,-0.0072924294508993626
102.25,0.5097198486328125,117.71171980242478,0.0
102.5,0.502777099609375,119.3371775417299,-0.00069427490234375
102.75,0.5236155390739441,114.58789039399937,0.0
103.0,0.5055592656135559,118.68044773580188,-0.0024312336463481188
103.25,0.5124969482421875,117.07386786554322,0.0
103.5,0.51666259765625,116.12994683992912,0.0
103.75,0.5277811884880066,113.68347585841146,0.0
104.0,0.5097249150276184,117.71054981047772,-0.0076382956467568874
104.25,0.5416615605354309,110.77027496780494,0.0
104.5,0.5375010371208191,111.62769158808757,-0.008333842270076275
104.75,0.565277099609375,106.14263348269719,0.0
105.0,0.5472259521484375,109.64392270585283,-0.011806488037109375
105.25,0.5583343505859375,107.46249077642044,0.0
105.5,0.5625,106.66666666666667,0.0
105.75,0.5680491328239441,105.6246661300614,0.0
106.0,0.5444386601448059,110.20525247792217,-0.0027783710975199938
106.25,0.5750071406364441,104.3465302597621,0.0
106.5,0.5666707158088684,105.88159635945846,-0.0020840961951762438
106.75,0.5895767211914062,101.76792577351605,0.0
107.0,0.5831597447395325,102.8877602427769,-0.0026035308837890625
110.0,0.6510391235351562,92.16036000140626,0.00208282470703125
110.5,0.6559066772460938,91.47642809784695,-0.013019561767578125
111.0,0.659027099609375,91.04329705950451,-0.0059051513671875
111.5,0.6499989628791809,92.30783959135724,-0.00555419921875
112.0,0.6611124873161316,90.75611359812225,-0.0024312336463481188
112.5,0.6760406494140625,88.75205958695406,-0.01354217529296875
113.0,0.6822967529296875,87.93827574639383,-0.01406097412109375
113.5,0.680206298828125,88.20853335726143,-0.00624847412109375
114.0,0.65521240234375,91.57335817419656,-0.0036468505859375
114.5,0.649993896484375,92.3085590872811,0.0
115.0,0.6520843505859375,92.01263601263601,0.0
115.5,0.6624984741210938,90.56624632924512,0.0
116.0,0.6666641235351562,90.00034332406358,-0.004169464111328125
116.5,0.6562576293945312,91.42750851575852,0.0
117.0,0.617706298828125,97.1335408329628,-0.012500762939453125
117.5,0.61041259765625,98.2941705829417,-0.006771087646484375
118.0,0.6406326293945312,93.65742119115387,-0.000522613525390625
118.5,0.649993896484375,92.3085590872811,0.0
118.75,0.647918701171875,92.6042108237954,0.0
119.0,0.6468658447265625,92.75493595640789,-0.0078125
119.5,0.633331298828125,94.73714643665976,0.0
120.0,0.616668701171875,97.2969762953432,0.0
120.5,0.6041717529296875,99.30950877636066,0.0
121.0,0.600006103515625,99.99898275774376,0.0
121.5,0.6072921752929688,98.79923114611992,0.0
122.0,0.6156234741210938,97.4621705022865,-0.006771087646484375
122.5,0.6041615605354309,99.31118415879641,0.0
123.0,0.5902760624885559,101.64735420075291,-0.011456807143986225
123.5,0.57708740234375,103.97038603913273,-0.0006968180532567203
124.0,0.5701344609260559,105.23833255499662,-0.0017344156512990594
124.5,0.572906494140625,104.7291322644223,0.0
124.75,0.5645955204963684,106.27076875716362,-0.0078125
125.0,0.5708363652229309,105.10893078188522,-0.0052057900466024876
125.5,0.5604146122932434,107.06358949934787,0.0
126.0,0.5437571406364441,110.3433785343446,-0.009373982436954975
126.5,0.539581298828125,111.19733046773372,0.0
127.0,0.541656494140625,110.77131105977801,0.0
127.5,0.5583343505859375,107.46249077642044,0.0
128.0,0.5635452270507812,106.46882826778582,-0.01354217529296875
128.5,0.5604171752929688,107.06309985705533,-0.008853912353515625
129.0,0.5583343505859375,107.46249077642044,-0.00260162353515625
129.5,0.56353759765625,106.47026968482616,-0.0109405517578125
130.0,0.5718765258789062,104.91775284496444,-0.00624847412109375
130.5,0.5661506652832031,105.9788562996503,-0.006771087646484375
131.0,0.5994758605957031,100.08743294580303,-0.0059909820556640625
131.5,0.600006103515625,99.99898275774376,0.0
132.0,0.587493896484375,102.12872058594358,0.0
132.5,0.587493896484375,102.12872058594358,0.0
133.0,0.59375,101.05263157894737,0.0
133.5,0.6072998046875,98.79798994974874,0.0
134.0,0.6209219098091125,96.63050868738961,-0.000518798828125
134.3330078125,0.6175529956817627,97.15765354479664,0.0
134.5,0.6175073385238647,97.16483717169814,0.0
134.6669921875,0.6099706888198853,98.36538230399634,0.0
135.0,0.6193640232086182,96.87356344847046,-0.0114593505859375
135.3330078125,0.6050804257392883,99.16037182444283,0.0
135.5,0.6050347089767456,99.16786443785011,0.0
135.6669921875,0.5959035754203796,100.68743077715729,0.0
136.0,0.5896490216255188,101.75544739240745,-0.00260162353515625
136.3330078125,0.5925621390342712,101.25520354335337,0.0
136.5,0.5926077961921692,101.2474023891231,0.0
136.6669921875,0.5896260738372803,101.75940763528423,0.0
137.0,0.6240606904029846,96.14449511513895,-0.00572967529296875
137.3330078125,0.6175301671028137,97.16124522546684,0.0
137.5,0.6237893104553223,96.18632284064667,-0.007289886474609375
137.6669921875,0.6151866316795349,97.53137813835883,0.0
138.0,0.5986073613166809,100.23264643459376,-0.0013910928973928094
138.5,0.5916748046875,101.4070559108727,0.0
139.0,0.59375,101.05263157894737,0.0
139.5,0.604156494140625,99.31201697226852,0.0
140.0,0.6041717529296875,99.30950877636066,-0.008331298828125
140.5,0.629150390625,95.36670547147847,-0.00521087646484375
140.75,0.6104278564453125,98.29171353580803,0.0
141.0,0.6144234538078308,97.65252225994259,-0.005725860595703125
141.1669921875,0.602343738079071,99.6108969130242,0.0
141.3330078125,0.5894782543182373,101.78492516130754,0.0
141.5,0.5770056843757629,103.98511076179668,-0.013019561767578125
141.6669921875,0.5772518515586853,103.94076664802209,0.0
141.8330078125,0.5614035129547119,106.8749992037192,0.0
142.0,0.5676626563072205,105.69657759471824,-0.01041412353515625
142.1669921875,0.5772518515586853,103.94076664802209,0.0
142.3330078125,0.5738760828971863,104.55218781220648,0.0
142.5,0.5863487124443054,102.32818581604565,-0.0114593505859375
142.6669921875,0.5835018157958984,102.82744350702627,0.0
142.8330078125,0.5926230549812317,101.24479548285578,0.0
143.0,0.5958353877067566,100.69895349943415,-0.0020802814979106188
143.5,0.587493896484375,102.12872058594358,0.0
143.75,0.5777791142463684,103.84591363822759,-0.00937652587890625
144.0,0.5694478154182434,105.36522992178254,-0.0013910928973928094
144.5,0.5625,106.66666666666667,0.0
145.0,0.5625,106.66666666666667,0.0
145.5,0.5697860717773438,105.30267932461203,0.0
146.0,0.5843734741210938,102.67406488674196,-0.002605438232421875
146.5,0.5729141235351562,104.72773760536934,-0.0031280517578125
147.0,0.5661771297454834,105.97390259647563,-0.003124237060546875
147.3330078125,0.5551900863647461,108.07109397947983,0.0
147.5,0.5551443696022034,108.07999375548717,0.0
147.6669921875,0.5442861318588257,110.23613589986252,0.0
148.0,0.5411473512649536,110.87553114645686,-0.0031280517578125
148.3330078125,0.542717456817627,110.55476334191735,0.0
148.5,0.5489309430122375,109.30336641391045,0.0
148.6669921875,0.5432322025299072,110.45000594694447,0.0
149.0,0.5736083984375,104.60097893168759,-0.00659942626953125
149.5,0.5708363652229309,105.10893078188522,0.0
150.0,0.5624949336051941,106.66762741389064,2.543131586207892e-06
150.5,0.5625,106.66666666666667,0.0
151.0,0.5729217529296875,104.72634298346073,0.0
151.5,0.5916671752929688,101.40836352851672,0.0
152.0,0.5974500775337219,100.42680092649819,-0.008335113525390625
152.3330078125,0.5863487124443054,102.32818581604565,0.0
152.5,0.5863487124443054,102.32818581604565,0.0
152.6669921875,0.5818250775337219,103.12377777584273,0.0
153.0,0.5791778564453125,103.59512079458334,-0.009372711181640625
153.25,0.58123779296875,103.22797437782212,0.0
153.5,0.581268310546875,103.22255473302883,-0.0078125
153.75,0.5874786376953125,102.13137321108543,0.0
154.0,0.5964801907539368,100.59009658671386,-0.012500762939453125
154.0908203125,0.5963541865348816,100.61135035980924,0.0
154.181640625,0.5964381694793701,100.59718353098344,0.0
154.2724609375,0.6078628897666931,98.70646984721982,0.0
154.36328125,0.6079469323158264,98.69282467047667,0.0
154.4541015625,0.6126994490623474,97.92729549834226,0.0
154.5,0.6126994490623474,97.92729549834226,0.0
154.5458984375,0.6193716526031494,96.87237016390199,0.0
154.63671875,0.6193716526031494,96.87237016390199,0.0
154.7275390625,0.6307963728904724,95.11785827978758,0.0
154.818359375,0.6308803558349609,95.10519616764874,0.0
154.9091796875,0.6269600987434387,95.69987008782975,0.0
155.0,0.6340281367301941,94.63302418948096,-0.010762532241642475
155.5,0.625,96.0,0.0
156.0,0.60833740234375,98.62947727500753,0.0
156.5,0.5979156494140625,100.34860278167666,0.0
157.0,0.5979156494140625,100.34860278167666,0.0
157.5,0.607635498046875,98.74340816634022,0.0
158.0,0.5986175537109375,100.23093981800108,-0.0013885498046875
158.5,0.5895843505859375,101.7666088666891,0.0
159.0,0.572906494140625,104.7291322644223,0.0
159.5,0.5645904541015625,106.27172238588146,0.0
160.0,0.5625,106.66666666666667,0.0
160.5,0.5694427490234375,105.36616736782872,0.0
161.0,0.5722198486328125,104.85480387189675,-0.00485992431640625
161.5,0.5604248046875,107.06164234371596,0.0
162.0,0.54791259765625,109.50651665367049,0.0
162.5,0.54583740234375,109.92284468299228,0.0
163.0,0.5458221435546875,109.92591764278326,0.0
163.5,0.543060302734375,110.48496768755268,0.0
164.0,0.563201904296875,106.53373069628827,-0.0013885498046875
164.5,0.5666605830192566,105.88348969026674,0.0
165.0,0.570831298828125,105.10986367281475,-0.008333842270076275
165.5,0.5694478154182434,105.36522992178254,-0.0010401407489553094
166.0,0.5722198486328125,104.85480387189675,-0.00069427490234375
166.5,0.5979156494140625,100.34860278167666,0.0
166.75,0.6048634648323059,99.1959400567111,-0.010936737060546875
167.0,0.6173604130744934,97.18796140684864,-0.0055567421950399876
167.5,0.6145833134651184,97.62712180015181,0.0
168.0,0.6041666865348816,99.31034156173372,-0.0031255085486918688
168.5,0.602081298828125,99.65431598155,0.0
169.0,0.6052093505859375,99.13924816579684,0.0
170.0,0.62396240234375,96.15964002738922,-0.00104522705078125
170.5,0.6333236694335938,94.73828769681127,-0.00156402587890625
171.0,0.6135406494140625,97.79303141087816,-0.006771087646484375
171.5,0.5979232788085938,100.34732235137997,-0.001041412353515625
172.0,0.6031265258789062,99.48161360100185,-0.00521087646484375
172.5,0.6062469482421875,98.96957036067555,-0.000522613525390625
173.0,0.6052854657173157,99.12678132605548,-0.013019561767578125
173.3330078125,0.5925849676132202,101.25130281597349,0.0
173.5,0.5988441109657288,100.1930200219231,-0.009372711181640625
173.6669921875,0.5911992788314819,101.48862176995765,0.0
174.0,0.5708363652229309,105.10893078188522,-0.010416666977107525
174.5,0.5583343505859375,107.46249077642044,0.0
175.0,0.5604095458984375,107.06455741007977,0.0
175.5,0.56805419921875,105.62372407865048,0.0
176.0,0.55694580078125,107.73041095890412,-0.00555419921875
176.5,0.57501220703125,104.34561086933446,0.0
176.75,0.5697860717773438,105.30267932461203,0.0
177.0,0.5703267455101013,105.20285165012889,-0.0002613067626953125
177.1337890625,0.5646829009056091,106.25432415923187,0.0
177.2666015625,0.5683736205101013,105.56436441605344,0.0
177.400390625,0.5568704009056091,107.74499758368401,0.0
177.533203125,0.5683736205101013,105.56436441605344,0.0
177.6669921875,0.5568704009056091,107.74499758368401,0.0
177.7998046875,0.5605611205101013,107.03560736677741,0.0
177.93359375,0.5646829009056091,106.25432415923187,0.0
178.06640625,0.5606181621551514,107.02471673294625,0.0
178.2001953125,0.5646829009056091,106.25432415923187,0.0
178.3330078125,0.5606181621551514,107.02471673294625,0.0
178.466796875,0.5725528597831726,104.79381767951027,0.0
178.599609375,0.5761290788650513,104.14332864120891,0.0
178.7333984375,0.5725528597831726,104.79381767951027,0.0
178.8662109375,0.5761290788650513,104.14332864120891,0.0
179.0,0.577215313911438,103.94734608376275,0.0
179.142578125,0.5804634094238281,103.36568856175862,0.0
179.2861328125,0.5917701125144958,101.39072374752664,0.0
179.4287109375,0.5918236374855042,101.38155389487905,0.0
179.5712890625,0.5990475416183472,100.15899545786962,0.0
179.7138671875,0.5877976417541504,102.07594542391058,0.0
179.857421875,0.584439218044281,102.66251501872004,0.0
180.0,0.5723704099655151,104.82722194464063,0.0
180.2001953125,0.5775533318519592,103.88651002602032,0.0
180.400390625,0.5751761794090271,104.31586381349771,0.0
180.599609375,0.5827362537384033,102.96253170295229,0.0
180.7998046875,0.6504192352294922,92.2481943185917,0.0
181.0,0.5380315184593201,111.51763036450537,0.0
181.3330078125,0.5863487124443054,102.32818581604565,0.0
181.6669921875,0.5849523544311523,102.57245662058767,0.0
182.0,0.6005773544311523,99.90386676638862,0.0
182.3330078125,0.5863715410232544,102.324201981727,0.0
182.6669921875,0.5943227410316467,100.95524848308824,0.0
183.0,0.5786977410316467,103.68106827760856,0.0
183.3330078125,0.6050575375556946,99.1641228739789,0.0
183.6669921875,0.5891220569610596,101.84646677380465,0.0
184.0,0.683994710445404,87.71997660761026,-0.002777099609375
184.3330078125,0.683045506477356,87.84187792909387,0.0
184.6669921875,0.683994710445404,87.71997660761026,0.0
185.0,0.689218282699585,87.05514857352192,-0.00347137451171875
185.3330078125,0.6892818212509155,87.04712376007741,0.0
185.5,0.6892818212509155,87.04712376007741,-0.00989532470703125
185.6669921875,0.6881644129753113,87.18846669299154,0.0
186.0,0.7006964683532715,85.62908864234447,-0.0041656494140625
186.3330078125,0.7142269611358643,84.0069099387953,0.0
186.6669921875,0.7277843952178955,82.44199847406217,0.0
187.0,0.7330156564712524,81.85364046498111,-0.0024312336463481188
187.3330078125,0.7298063039779663,82.2135951319646,0.0
187.5,0.7298519611358643,82.20845211763542,0.0
187.6669921875,0.7335158586502075,81.79782249072308,0.0
188.0,0.7116362452507019,84.31273758247465,-0.004688262939453125
188.3330078125,0.7079907059669495,84.74687519810597,0.0
188.6669921875,0.7069510817527771,84.8715017894013,0.0
189.0,0.6474981904029846,92.66435163727283,0.0
189.3330078125,0.664336621761322,90.31565931278189,0.0
189.6669921875,0.6607919931411743,90.80013169466682,0.0
190.0,0.7436938881874084,80.67835564204636,-0.0028667449951171875
190.3330078125,0.7423017024993896,80.82966777251778,0.0
190.6669921875,0.7343119978904724,81.70913749518962,0.0
191.0,0.738997220993042,81.1911036950502,-0.0044307708740234375
191.3330078125,0.7277656197547913,82.4441253768157,0.0
191.5,0.7256792187690735,82.6811605571046,-0.00034840902662836015
191.6669921875,0.7256976366043091,82.67906215149404,0.0
192.0,0.7351024150848389,81.62127993155259,-0.0020809173583984375
192.3330078125,0.7423017024993896,80.82966777251778,0.0
192.6669921875,0.7546336650848389,79.50877727308199,0.0
193.0,0.7530872225761414,79.67204621365576,-0.0018215179443359375
193.3330078125,0.7485227584838867,80.1578834042781,0.0
193.5,0.7422941327095032,80.83049205978435,-0.0041681923903524876
193.6669921875,0.7434399724006653,80.70591066855354,0.0
194.0,0.7173600792884827,83.64000413782617,-0.0013910928973928094
194.3330078125,0.7111202478408813,84.37391591952739,0.0
194.6669921875,0.7069395780563354,84.8728828635743,0.0
195.3330078125,0.6549707651138306,91.60714217461646,0.0
195.6669921875,0.6370738744735718,94.18060040459095,0.0
196.0,0.7048662304878235,85.12253446795887,-0.00347137451171875
196.3330078125,0.6986247897148132,85.88301028437984,0.0
196.6669921875,0.6881720423698425,87.18750008119969,0.0
197.0,0.6787863373756409,88.3930578685115,-0.0072911581955850124
197.3330078125,0.6736796498298645,89.06310293795099,0.0
197.5,0.6674661636352539,89.8921971912689,-0.014583587646484375
197.6669921875,0.6615881323814392,90.69086500089598,0.0
198.0,0.6584494113922119,91.1231735679393,-0.00572967529296875
198.3330078125,0.6612070798873901,90.7431299891988,0.0
198.6669921875,0.665230929851532,90.19424279233523,0.0
199.0,0.6548066139221191,91.63010685035053,-0.0045166015625
199.3330078125,0.648734450340271,92.48776593955985,0.0
199.5,0.648734450340271,92.48776593955985,-0.010417938232421875
199.6669921875,0.6464672088623047,92.81213211972798,0.0
200.0,0.6360428929328918,94.33326064431087,-0.0013885498046875
200.3330078125,0.6206368803977966,96.67488654806182,0.0
200.5,0.6268960237503052,95.70965156400194,-0.014064788818359375
200.6669921875,0.6193640232086182,96.87356344847046,0.0
201.0,0.6224798560142517,96.3886612880631,-0.00521087646484375
201.3330078125,0.6268960237503052,95.70965156400194,0.0
201.5,0.6268960237503052,95.70965156400194,-0.000522613525390625
201.6669921875,0.6277034282684326,95.58654182519687,0.0
202.0,0.6235337257385254,96.22574934328506,-0.00555419921875
202.3330078125,0.6112710237503052,98.15613315331805,0.0
202.5,0.5988441109657288,100.1930200219231,-0.005207061767578125
202.6669921875,0.5912069082260132,101.48731208171628,0.0
203.0,0.5818135738372803,103.12581675308353,0.0
203.3330078125,0.5707465410232544,105.12547284549443,0.0
203.5,0.5645330548286438,106.28252763376658,-0.008853912353515625
203.6669921875,0.5672195553779602,105.77914571372578,0.0
204.0,0.5682734847068787,105.58296597447023,-0.01215362548828125
204.3330078125,0.5645102262496948,106.28682565878042,0.0
204.5,0.5707693696022034,105.12126823101401,-0.00989532470703125
204.6669921875,0.5732049345970154,104.67460480287431,0.0
205.0,0.5747743248939514,104.38879643949002,-0.0039043426513671875
205.3330078125,0.5645559430122375,106.27821873571068,0.0
205.5,0.5520376563072205,108.68823768538128,-0.00572967529296875
205.6669921875,0.5466229915618896,109.76486705866394,0.0
206.0,0.5388104915618896,111.35640626832188,-0.0002593994140625
206.3330078125,0.5302220582962036,113.16013557188064,0.0
206.5,0.5364354848861694,111.84942400432716,-0.008335113525390625
206.6669921875,0.5349042415618896,112.16960969463142,0.0
207.0,0.5380200743675232,111.5200024284109,-0.011455535888671875
207.3330078125,0.5510020852088928,108.89250986637036,0.0
207.5,0.5555598139762878,107.99917216935509,-0.0017369588604196906
208.0,0.5693159103393555,105.38964204291331,3.814697265625e-06
208.3330078125,0.5645102262496948,106.28682565878042,0.0
208.5,0.5707693696022034,105.12126823101401,-0.00156402587890625
208.6669921875,0.5649147629737854,106.21071342542392,0.0
209.0,0.5643007755279541,106.32627598972304,-0.0014617920387536287
209.3330078125,0.5634899139404297,106.47927942565269,0.0
209.5,0.5717897415161133,104.93367691576393,-0.0059000649489462376
209.6669921875,0.5716527700424194,104.95881966171126,0.0
210.0,0.5826039910316467,102.98590624783556,-0.001300811767578125
210.3330078125,0.5967653393745422,100.54203225489736,0.0
210.5,0.6071363091468811,98.82459522855605,-0.0013885498046875
210.6669921875,0.6112216114997864,98.16406827103981,0.0
211.0,0.6212289333343506,96.58275199443665,-0.004794311709702015
211.3330078125,0.6284608244895935,95.47134469157913,0.0
211.5,0.6253312230110168,95.94915109323263,-0.0044269561767578125
211.6669921875,0.624833881855011,96.02552253067904,0.0
212.0,0.626403272151947,95.78494025721783,-0.0002613067626953125
212.3330078125,0.6284493803977966,95.4730832291077,0.0
212.5,0.6253426671028137,95.94739517451684,-0.003383636474609375
212.6669921875,0.6281112432479858,95.52448016968752,0.0
213.0,0.6324963569641113,94.86220646074722,-0.0012527465587481856
213.3330078125,0.6424981951713562,93.385476334292,0.0
213.6669921875,0.6575101017951965,91.25335084005904,0.0
214.0,0.6593887209892273,90.99336717495999,-0.00395965576171875
214.3330078125,0.6549707651138306,91.60714217461646,0.0
214.5,0.6549707651138306,91.60714217461646,-0.0124969482421875
214.6669921875,0.6459516882896423,92.88620354699998,0.0
215.0,0.6334196329116821,94.7239347858449,-0.002605438232421875
215.3330078125,0.6300255656242371,95.23423059912064,0.0
215.5,0.6238121390342712,96.18280287537607,-0.008331298828125
215.6669921875,0.6249725222587585,96.0042207666181,0.0
216.0,0.6199871897697449,96.77619310534983,-0.0022979737259447575
216.3330078125,0.6300027370452881,95.2376814764328,0.0
216.5,0.6237435936927795,96.19337273635001,-3.814697265625e-06
216.6669921875,0.6243768334388733,96.09581391663536,0.0
217.0,0.6206286549568176,96.67616781918441,-0.0004211425839457661
217.3330078125,0.6175073385238647,97.16483717169814,0.0
217.6669921875,0.6068548560142517,98.87042907437973,0.0
218.0,0.5943456888198853,100.95135058375568,0.0
218.3330078125,0.5801352262496948,103.42416265233913,0.0
218.5,0.5987755656242371,100.2044897029969,0.0
218.6669921875,0.5995387434959412,100.07693522880093,0.0
219.0,0.5736287236213684,104.59727264216258,-0.010767619125545025
219.5,0.5838470458984375,102.76664140292188,0.0
220.0,0.5904279947280884,101.621197734081,-0.00078582763671875
220.3330078125,0.5863487124443054,102.32818581604565,0.0
220.6669921875,0.5755590200424194,104.24647674808037,0.0
221.0,0.5661656856536865,105.976044681558,0.0
221.3330078125,0.5614035129547119,106.8749992037192,0.0
221.5,0.5614035129547119,106.8749992037192,0.0
221.6669921875,0.563049852848053,106.56250009924406,0.0
222.0,0.54791259765625,109.50651665367049,0.0
222.5,0.55938720703125,107.26022913256956,0.0
223.0,0.5646077990531921,106.26845768091728,-0.0099029541015625
223.3330078125,0.5614035129547119,106.8749992037192,0.0
223.6669921875,0.5536565184593201,108.37043907107635,0.0
224.0,0.5443090200424194,110.23150047251475,0.0
224.3330078125,0.542671799659729,110.56406475814985,0.0
224.5,0.5488852262496948,109.31247031361205,0.0
224.6669921875,0.547424852848053,109.60408481244825,0.0
225.0,0.5411473512649536,110.87553114645686,-0.00103759765625
225.3330078125,0.5551900863647461,108.07109397947983,0.0
225.5,0.5614035129547119,106.8749992037192,0.0
225.6669921875,0.5646077990531921,106.26845768091728,0.0
226.0,0.5771169066429138,103.96507069775464,-0.00677490234375
226.3330078125,0.5801352262496948,103.42416265233913,0.0
226.6669921875,0.5755590200424194,104.24647674808037,0.0
227.0,0.5755590200424194,104.24647674808037,0.0
227.3330078125,0.5801352262496948,103.42416265233913,0.0
227.5,0.5863487124443054,102.32818581604565,0.0
227.6669921875,0.5912145376205444,101.48600242727696,0.0
228.0,0.5943151116371155,100.95654447473576,-0.009373982436954975
228.3330078125,0.6066109538078308,98.91018225662883,0.0
228.6669921875,0.59068763256073,101.57652995017,-0.00156402587890625
229.0,0.6214412450790405,96.54975506553103,-0.0006917317514307797
229.3330078125,0.6237664222717285,96.18985225508415,0.0
229.6669921875,0.6152095794677734,97.52774014329695,0.0
230.0,0.6204026341438293,96.71138821452854,-0.012842814438045025
230.3330078125,0.6144005656242371,97.6561600965315,0.0
230.5,0.6144005656242371,97.6561600965315,-0.000518798828125
230.6669921875,0.609993577003479,98.36169143738017,0.0
231.0,0.6224569082260132,96.39221479764522,-0.00624847412109375
231.3330078125,0.6269188523292542,95.70616639948857,0.0
231.6669921875,0.6381353735923767,94.02393674281149,0.0
232.0,0.6381201148033142,94.02618505215686,-0.0010426839580759406
232.3330078125,0.6299799084663391,95.24113260384382,0.0
232.5,0.6362847089767456,94.29740987566751,-0.01041412353515625
232.6669921875,0.6271765232086182,95.66684622224317,0.0
233.0,0.6083898544311523,98.62097397416383,-0.01406097412109375
233.3330078125,0.6050804257392883,99.16037182444283,0.0
233.6669921875,0.6005773544311523,99.90386676638862,0.0
234.3330078125,0.5551900863647461,108.07109397947983,0.0
234.6669921875,0.5497502684593201,109.14046512091849,0.0
235.0,0.6169927716255188,97.24587184696671,-0.001300811767578125
235.3330078125,0.6113395690917969,98.1451275747384,0.0
235.6669921875,0.6013448238372803,99.77636394561465,0.0
236.0,0.5998098254203796,100.03170581266939,-0.000782012939453125
236.3330078125,0.594694197177887,100.89219011170643,0.0
236.5,0.5842165946960449,102.70163590819718,-0.0017344156512990594
236.6669921875,0.5870448350906372,102.20684420251523,0.0
237.0,0.5891373157501221,101.8438289273948,-0.0024312336463481188
237.3330078125,0.5957145690917969,100.7193765488624,0.0
237.6669921875,0.6013448238372803,99.77636394561465,0.0
238.0,0.5966939926147461,100.55405407565222,-0.001819610595703125
238.3330078125,0.5926077961921692,101.2474023891231,0.0
238.5,0.5863029956817627,102.33616481906428,-0.00208282470703125
238.6669921875,0.5859909653663635,102.39065710251658,0.0
239.0,0.5651270747184753,106.17081128149754,-0.0038197834510356188
239.3330078125,0.5551900863647461,108.07109397947983,0.0
239.6669921875,0.5552144646644592,108.06634880498055,0.0
240.3330078125,0.5115131735801697,117.2990317728272,0.0
240.6669921875,0.5025659799575806,119.38730911524164,0.0
241.0,0.5672195553779602,105.77914571372578,-0.00555419921875
241.3330078125,0.5614035129547119,106.8749992037192,0.0
241.6669921875,0.5536870956420898,108.36445435019627,0.0
242.0,0.5567876100540161,107.76101859410839,-0.0052083334885537624
242.3330078125,0.5614035129547119,106.8749992037192,0.0
242.5,0.5551900863647461,108.07109397947983,-0.007293701171875
242.6669921875,0.555237352848053,108.06189405708028,0.0
243.0,0.5520756840705872,108.68075108399184,-0.00989532470703125
243.3330078125,0.5645102262496948,106.28682565878042,0.0
243.6669921875,0.5724431872367859,104.81389478949559,0.0
244.0,0.5818365216255188,103.12174944325196,0.0
244.3330078125,0.5863487124443054,102.32818581604565,0.0
244.6669921875,0.581805944442749,103.1271690726153,0.0
245.0,0.5787054300308228,103.67969071381326,-0.0010477701434865594
245.3330078125,0.5769827961921692,103.98923572067211,0.0
245.6669921875,0.5849752426147461,102.56844329310341,0.0
246.0,0.5890839099884033,101.85306198769061,-0.00208282470703125
246.3330078125,0.5977857112884521,100.37041512865459,-0.007985432632267475
246.6669921875,0.6078934669494629,98.70150488882962,-0.007293701171875
247.0,0.618325412273407,97.03628349900264,-0.0006917317514307797
247.3330078125,0.6175529956817627,97.15765354479664,0.0
247.6669921875,0.6110092997550964,98.1981780376323,0.0
248.0,0.6026545763015747,99.55951943186666,-0.0027821857947856188
248.3330078125,0.5957145690917969,100.7193765488624,0.0
248.5,0.5957145690917969,100.7193765488624,-0.00260162353515625
248.6669921875,0.5974615216255188,100.4248772988049,0.0
249.0,0.5880681872367859,102.02898456712636,-0.0114593505859375
249.3330078125,0.5957145690917969,100.7193765488624,0.0
249.6669921875,0.5943456888198853,100.95135058375568,0.0
250.0,0.594299852848053,100.95913655785549,0.0
250.3330078125,0.5801352262496948,103.42416265233913,0.0
250.5,0.5614035129547119,106.8749992037192,0.0
250.6669921875,0.5536565184593201,108.37043907107635,0.0
251.0,0.5380315184593201,111.51763036450537,0.0
251.3330078125,0.5240314602851868,114.49694254491321,0.0
251.5,0.5177266001701355,115.89128312179204,0.0
251.6669921875,0.5192448496818542,115.55242201586114,0.0
252.0,0.5130131840705872,116.95605856348597,0.0
252.3330078125,0.5115131735801697,117.2990317728272,0.0
252.6669921875,0.5098515152931213,117.68132132647501,0.0
253.0,0.5036198496818542,119.13748045853055,0.0
253.3330078125,0.4958881437778473,120.99502832009506,0.0
253.6669921875,0.48171737790107727,124.55436061167231,0.0
254.0,0.4692082107067108,127.87500011909287,0.0
254.3330078125,0.45540934801101685,131.74960123688223,0.0
254.5,0.45531797409057617,131.77604095212862,0.0
254.6669921875,0.4535832107067108,132.28002841312463,0.0
255.0,0.4535832107067108,132.28002841312463,0.0
255.3330078125,0.4615314304828644,130.0019804441632,0.0
255.5,0.45540934801101685,131.74960123688223,0.0
255.6669921875,0.46609237790107727,128.7298459378246,0.0
256.0,0.47232404351234436,127.03143281426426,0.0
256.3330078125,0.47404971718788147,126.56900283777625,0.0
256.5,0.47404971718788147,126.56900283777625,0.0
256.6669921875,0.4754857122898102,126.18675692915414,0.0
257.0,0.48171737790107727,124.55436061167231,0.0
257.3330078125,0.4958881437778473,120.99502832009506,0.0
257.6669921875,0.5130131840705872,116.95605856348597,0.0
258.0,0.5443090200424194,110.23150047251475,0.0
258.3330078125,0.5738304257392883,104.56050656899141,0.0
258.5,0.5925621390342712,101.25520354335337,0.0
258.6669921875,0.6068548560142517,98.87042907437973,0.0
259.0,0.6412665247917175,93.56484032826744,0.0
259.3330078125,0.6736568212509155,89.06612106827005,0.0
259.6669921875,0.7225989699363708,83.0336085384724,0.0
260.0,0.703812301158905,85.25000188431396,0.0
260.3330078125,0.7579038739204407,79.16571225534912,0.0
260.6669921875,0.7976539731025696,75.22058690013527,0.0
261.0,0.850806474685669,70.52132510177128,0.0
261.3330078125,0.9200931787490845,65.21078667442485,0.0
261.6669921875,0.9936919808387756,60.3808837718042,0.0
262.0,2.2935190200805664,26.160672518814486,-0.0045115151442587376
